player,team,position,salary
"Abbott, Andrew",Reds,LHP,742500
"Abrams Jr., CJ",Nationals,SS,752400
"Abreu, Bryan",Astros,RHP,1750000
"Abreu, Jose",Astros,1B,19500000
"Abreu, Wilyer",Red Sox,OF,749500
"Acuna Jr., Ronald",Braves,OF,17000000
"Adam, Jason",Rays,RHP,2700000
"Adames, Willy",Brewers,SS,12250000
"Adams, Austin",Athletics,RHP,800000
"Adams, Riley",Nationals,C,750900
"Adell, Jo",Angels,OF,770000
"Ahmed, Nick",Giants,SS,850000
"Akin, Keegan",Orioles,LHP,825000
"Albies, Ozzie",Braves,2B,7000000
"Alcala, Jorge",Twins,RHP,790000
"Alcantara, Sandy",Marlins,RHP,9300000
"Alexander, Blaze",Diamondbacks,INF,740000
"Alexander, Scott",Athletics,LHP,2250000
"Alexander, Tyler",Rays,LHP,1950000
"Allen, Logan",Guardians,LHP,744300
"Allen, Nick",Athletics,SS,745000
"Almonte, Yency",Cubs,RHP,1900000
"Alonso, Pete",Mets,1B,20500000
"Altuve, Jose",Astros,2B,29000000
"Alvarado, Jose",Phillies,LHP,9025000
"Alvarez, Francisco",Mets,C,762500
"Alvarez, Yordan",Astros,DH,10833333
"Alzolay, Adbert",Cubs,RHP,2110000
"Amaya, Miguel",Cubs,C,746500
"Anderson, Chase",Red Sox,RHP,1250000
"Anderson, Nick",Royals,RHP,1575000
"Anderson, Tim",Marlins,SS,5000000
"Anderson, Tyler",Angels,LHP,13000000
"Andujar, Miguel",Athletics,OF,1700000
"Antone, Tejay",Reds,RHP,830000
"Aranda, Jonathan",Rays,INF,742800
"Arcia, Orlando",Braves,SS,2000000
"Arenado, Nolan",Cardinals,3B,32675167
"Arias, Gabriel",Guardians,INF,744100
"Armstrong, Shawn",Rays,RHP,2050000
"Arozarena, Randy",Rays,OF,8100000
"Arraez, Luis",Marlins,2B,10600000
"Ashcraft, Graham",Reds,RHP,750000
"Assad, Javier",Cubs,RHP,755000
"Avila, Pedro",Padres,RHP,746600
"Azocar, Jose",Padres,OF,745700
"Bachman, Sam",Angels,RHP,750000
"Bader, Harrison",Mets,OF,10500000
"Bae, Ji-hwan",Pirates,2B,755000
"Baez, Javier",Tigers,SS,25000000
"Bailey, Patrick",Giants,C,747500
"Banks, Tanner",White Sox,LHP,755050
"Bard, Daniel",Rockies,RHP,9500000
"Barlow, Scott",Guardians,RHP,6700000
"Barnes, Austin",Dodgers,C,3500000
"Barnes, Matt",Nationals,RHP,2000000
"Barnhart, Tucker",Diamondbacks,C,740000
"Bart, Joey",Giants,C,770000
"Bassitt, Chris",Blue Jays,RHP,22000000
"Baty, Brett",Mets,3B,750000
"Bauers, Jake",Brewers,1B,1350000
"Baumann, Michael",Orioles,RHP,748900
"Bautista, Felix",Orioles,RHP,1000000
"Baz, Shane",Rays,RHP,743600
"Bazardo, Eduard",Mariners,RHP,870600
"Beck, Tristan",Giants,RHP,747500
"Bednar, David",Pirates,RHP,4510000
"Beede, Tyler",Guardians,RHP,1200000
"Beeks, Jalen",Rockies,LHP,1675000
"Beeter, Clayton",Yankees,RHP,740000
"Bell, Josh",Marlins,1B,16500000
"Bellinger, Cody",Cubs,OF,27500000
"Bello, Brayan",Red Sox,RHP,1166667
"Bender, Anthony",Marlins,RHP,770000
"Benintendi, Andrew",White Sox,OF,17100000
"Benson, Will",Reds,OF,750000
"Berrios, Jose",Blue Jays,RHP,18000000
"Berroa, Prelander",White Sox,RHP,740350
"Berti, Jon",Yankees,INF,3625000
"Bethancourt, Christian",Marlins,C,2050000
"Betts, Mookie",Dodgers,SS,26158692
"Bibee, Tanner",Guardians,RHP,745700
"Bichette, Bo",Blue Jays,SS,12083333
"Bieber, Shane",Guardians,RHP,13125000
"Bielak, Brandon",Astros,RHP,765000
"Biggio, Cavan",Blue Jays,2B,4210000
"Bird, Jake",Rockies,RHP,745000
"Blackburn, Paul",Athletics,RHP,3450000
"Blackmon, Charlie",Rockies,DH,13000000
"Blanco, Dairon",Royals,OF,743750
"Blanco, Ronel",Astros,RHP,749800
"Bleday, JJ",Athletics,OF,745000
"Bogaerts, Xander",Padres,2B,25454545
"Bohm, Alec",Phillies,3B,4000000
"Bolton, Cody",Mariners,RHP,741100
"Borucki, Ryan",Pirates,LHP,1600000
"Boyle, Joe",Athletics,RHP,740000
"Bradford, Cody",Rangers,LHP,748500
"Bradish, Kyle",Orioles,RHP,754500
"Bradley, Taj",Rays,RHP,743300
"Brash, Matt",Mariners,RHP,757600
"Brasier, Ryan",Dodgers,RHP,4500000
"Brazoban, Huascar",Marlins,RHP,753000
"Brebbia, John",White Sox,RHP,4000000
"Bregman, Alex",Astros,3B,30500000
"Brennan, Will",Guardians,OF,744900
"Brentz, Jake",Royals,LHP,1050000
"Bride, Jonah",Marlins,INF,745000
"Brito, Jhony",Padres,RHP,746000
"Brogdon, Connor",Phillies,RHP,761000
"Brown, Hunter",Astros,RHP,774500
"Brown, Seth",Athletics,OF,2600000
"Brubaker, JT",Pirates,RHP,2275000
"Brujan, Vidal",Marlins,OF,745800
"Bryant, Kris",Rockies,1B,28000000
"Bubic, Kris",Royals,LHP,2350000
"Buehler, Walker",Dodgers,RHP,8025000
"Bummer, Aaron",Braves,LHP,5500000
"Burdi, Nick",Yankees,RHP,800000
"Burger, Jake",Marlins,3B,760000
"Burke, Brock",Rangers,LHP,1035000
"Burleson, Alec",Cardinals,OF,750050
"Burnes, Corbin",Orioles,RHP,15637500
"Busch, Michael",Cubs,DH,741500
"Butler, Lawrence",Athletics,OF,740000
"Buxton, Byron",Twins,OF,15142857
"Caballero, Jose",Rays,SS,751700
"Cabrera, Edward",Marlins,RHP,761000
"Cabrera, Genesis",Blue Jays,LHP,1512500
"Cabrera, Oswaldo",Yankees,OF,783000
"Campbell, Isaiah",Red Sox,RHP,746000
"Campusano, Luis",Padres,C,754700
"Candelario, Jeimer",Reds,3B,13000000
"Canha, Mark",Tigers,OF,11500000
"Canning, Griffin",Angels,RHP,2600000
"Cano, Yennier",Orioles,RHP,752300
"Canzone, Dominic",Mariners,OF,743700
"Caratini, Victor",Astros,C,6000000
"Carlson, Dylan",Cardinals,OF,2350000
"Carpenter, Kerry",Tigers,OF,761000
"Carpenter, Matt",Cardinals,DH,6240000
"Carrasco, Carlos",Guardians,RHP,2000000
"Carroll, Corbin",Diamondbacks,OF,3625000
"Carter, Evan",Rangers,OF,745000
"Casas, Triston",Red Sox,1B,760000
"Castellanos, Nick",Phillies,OF,20000000
"Castillo, Luis",Mariners,RHP,24150000
"Castro, Miguel",Diamondbacks,RHP,5000000
"Castro, Willi",Twins,OF,3300000
"Cavalli, Cade",Nationals,RHP,740200
"Cave, Jake",Rockies,OF,1000000
"Cease, Dylan",Padres,RHP,8000000
"Chafin, Andrew",Tigers,LHP,4250000
"Chapman, Aroldis",Pirates,LHP,10500000
"Chapman, Matt",Giants,3B,18000000
"Chargois, JT",Marlins,RHP,1285000
"Chavez, Jesse",Braves,RHP,740000
"Chisholm Jr., Jazz",Marlins,OF,2625000
"Chourio, Jackson",Brewers,OF,2250000
"Cimber, Adam",Angels,RHP,1650000
"Cisnero, Jose",Angels,RHP,1750000
"Civale, Aaron",Rays,RHP,4900000
"Clarke, Taylor",Brewers,RHP,1250000
"Clase, Emmanuel",Guardians,RHP,2900000
"Cleavinger, Garrett",Rays,LHP,746900
"Clement, Ernie",Blue Jays,2B,757700
"Cobb, Alex",Giants,RHP,10000000
"Cole, Gerrit",Yankees,RHP,36000000
"Coleman, Carson",Rangers,RHP,740000
"Conforto, Michael",Giants,OF,18000000
"Contreras, Roansy",Pirates,RHP,755000
"Contreras, William",Brewers,C,766900
"Contreras, Willson",Cardinals,C,18000000
"Cooper, Garrett",Cubs,1B,1750000
"Corbin, Patrick",Nationals,LHP,34556200
"Correa, Carlos",Twins,SS,33333333
"Cortes, Nestor",Yankees,LHP,3950000
"Cosgrove, Tom",Padres,LHP,750500
"Coulombe, Danny",Orioles,LHP,2300000
"Covey, Dylan",Phillies,RHP,850000
"Cowser, Colton",Orioles,OF,742800
"Crawford, Brandon",Cardinals,SS,2000000
"Crawford, J.P.",Mariners,SS,11000000
"Crawford, Kutter",Red Sox,RHP,760000
"Crochet, Garrett",White Sox,LHP,800000
"Cronenworth, Jake",Padres,1B,7285714
"Cronin, Declan",Marlins,RHP,742000
"Cruz, Fernando",Reds,RHP,750000
"Cruz, Oneil",Pirates,SS,755000
"Cuas, Jose",Cubs,RHP,762000
"Curry, Xzavion",Guardians,RHP,744400
"d'Arnaud, Travis",Braves,C,8000000
"Dalbec, Bobby",Red Sox,INF,760000
"Darvish, Yu",Padres,RHP,16000000
"Davis, Henry",Pirates,C,747500
"Davis, J.D.",Athletics,3B,2500000
"De La Cruz, Bryan",Marlins,OF,768000
"De La Cruz, Elly",Reds,SS,742500
"De Los Santos, Enyel",Padres,RHP,1160000
"deGrom, Jacob",Rangers,RHP,40000000
"DeJong, Paul",White Sox,SS,1750000
"Delay, Jason",Pirates,C,755000
"DeLuca, Jonny",Rays,OF,742400
"DeSclafani, Anthony",Twins,RHP,12000000
"Detmers, Reid",Angels,LHP,770000
"Devenski, Chris",Rays,RHP,1000000
"Devers, Rafael",Red Sox,3B,27066581
"Diaz, Aledmys",Athletics,INF,8000000
"Diaz, Alexis",Reds,RHP,760000
"Diaz, Edwin",Mets,RHP,18256300
"Diaz, Elias",Rockies,C,6000000
"Diaz, Yainer",Astros,C,768900
"Diaz, Yandy",Rays,1B,8000000
"Diekman, Jake",Mets,LHP,4000000
"Dominguez, Jasson",Yankees,OF,745800
"Dominguez, Seranthony",Phillies,RHP,4250000
"Donovan, Brendan",Cardinals,INF,757200
"Doval, Camilo",Giants,RHP,770000
"Doyle, Brenton",Rockies,OF,742000
"Drohan, Shane",White Sox,LHP,740000
"Drury, Brandon",Angels,DH,8500000
"Duarte, Daniel",Twins,RHP,740000
"Dubin, Shawn",Astros,RHP,741600
"Dubon, Mauricio",Astros,2B,3500000
"Dunn, Oliver",Brewers,INF,740000
"Dunning, Dane",Rangers,RHP,3325000
"Duran, Ezequiel",Rangers,INF,754500
"Duran, Jarren",Red Sox,OF,760000
"Duran, Jhoan",Twins,RHP,747200
"Duvall, Adam",Braves,OF,3000000
"Edman, Tommy",Cardinals,SS,7000000
"Edwards, Xavier",Marlins,2B,743000
"Effross, Scott",Yankees,RHP,750000
"Eflin, Zach",Rays,RHP,11000000
"Encarnacion-Strand, Christian",Reds,1B,740000
"Eovaldi, Nathan",Rangers,RHP,17000000
"Erceg, Lucas",Athletics,RHP,750000
"Espinal, Santiago",Reds,INF,2725000
"Estevez, Carlos",Angels,RHP,6750000
"Estrada, Thairo",Giants,2B,4700000
"Faedo, Alex",Tigers,RHP,746600
"Fairbanks, Pete",Rays,RHP,3816667
"Fairchild, Stuart",Reds,OF,750000
"Falter, Bailey",Pirates,LHP,755000
"Farmer, Buck",Reds,RHP,2250000
"Farmer, Kyle",Twins,2B,6050000
"Fedde, Erick",White Sox,RHP,7500000
"Feltner, Ryan",Rockies,RHP,745000
"Ferguson, Caleb",Yankees,LHP,2400000
"Fermin, Freddy",Royals,C,744500
"Fernandez, Ryan",Cardinals,RHP,740000
"Ferrer, Jose",Nationals,LHP,743000
"Finnegan, Kyle",Nationals,RHP,5100000
"Fitzgerald, Tyler",Giants,INF,741875
"Flaherty, Jack",Tigers,RHP,14000000
"Fleming, Josh",Pirates,LHP,850000
"Fletcher, Dominic",White Sox,OF,742900
"Flexen, Chris",White Sox,RHP,1750000
"Flores, Wilmer",Giants,SS,6500000
"Florial, Estevan",Guardians,OF,748500
"Floro, Dylan",Nationals,RHP,2250000
"Foley, Jason",Tigers,RHP,766300
"Fortes, Nick",Marlins,C,759000
"Foster, Matt",White Sox,RHP,750000
"Fraley, Jake",Reds,OF,2150000
"France, J.P.",Astros,RHP,767600
"France, Ty",Mariners,1B,6775000
"Francis, Bowden",Blue Jays,RHP,748000
"Franco, Wander",Rays,SS,2454545
"Frazier, Adam",Royals,2B,2000000
"Freeland, Kyle",Rockies,LHP,15000000
"Freeman, Freddie",Dodgers,1B,25144772
"Freeman, Tyler",Guardians,OF,742000
"Frelick, Sal",Brewers,OF,746500
"Frias, Luis",Diamondbacks,RHP,748300
"Fried, Max",Braves,LHP,15000000
"Friedl, TJ",Reds,OF,750000
"Fry, David",Guardians,C,741100
"Funderburk, Kody",Twins,LHP,740000
"Gaddis, Hunter",Guardians,RHP,740700
"Gallegos, Giovanny",Cardinals,RHP,5750000
"Gallen, Zac",Diamondbacks,RHP,10011000
"Gallo, Joey",Nationals,OF,2500000
"Garcia Jr., Luis",Nationals,2B,1950000
"Garcia, Adolis",Rangers,OF,4750000
"Garcia, Avisail",Marlins,OF,12000000
"Garcia, Deivi",White Sox,RHP,740550
"Garcia, Luis",Angels,RHP,4250000
"Garcia, Luis",Astros,RHP,1875000
"Garcia, Maikel",Royals,3B,751250
"Garcia, Robert",Nationals,LHP,742800
"Garcia, Yimi",Blue Jays,RHP,6000000
"Garrett, Braxton",Marlins,LHP,764000
"Garrett, Stone",Nationals,OF,798600
"Garver, Mitch",Mariners,DH,10500000
"Gausman, Kevin",Blue Jays,RHP,22000000
"Gelof, Zack",Athletics,2B,740000
"Gibaut, Ian",Reds,RHP,760000
"Gibson, Kyle",Cardinals,RHP,12000000
"Gil, Luis",Yankees,RHP,750000
"Gilbert, Logan",Mariners,RHP,4050000
"Gilbreath, Lucas",Rockies,LHP,760000
"Gimenez, Andres",Guardians,2B,5571429
"Ginkel, Kevin",Diamondbacks,RHP,1225000
"Giolito, Lucas",Red Sox,RHP,18000000
"Gipson-Long, Sawyer",Tigers,RHP,743600
"Glasnow, Tyler",Dodgers,RHP,15000000
"Goldschmidt, Paul",Cardinals,1B,25333333
"Gomber, Austin",Rockies,LHP,3150000
"Gomes, Yan",Cubs,C,6000000
"Gonsolin, Anthony",Dodgers,RHP,5400000
"Gonzales, Marco",Pirates,LHP,12000000
"Gonzalez, Victor",Yankees,LHP,860000
"Gordon, Nick",Marlins,OF,900000
"Gore, MacKenzie",Nationals,LHP,749600
"Gorman, Nolan",Cardinals,2B,755550
"Gott, Trevor",Athletics,RHP,1500000
"Grandal, Yasmani",Pirates,C,2500000
"Graterol, Brusdar",Dodgers,RHP,2700000
"Graveman, Kendall",Astros,RHP,8000000
"Gray, Jon",Rangers,RHP,13000000
"Gray, Josiah",Nationals,RHP,757400
"Gray, Sonny",Cardinals,RHP,10000000
"Green, Chad",Blue Jays,RHP,10500000
"Greene, Hunter",Reds,RHP,3333333
"Greene, Riley",Tigers,OF,766300
"Grichuk, Randal",Diamondbacks,OF,1500000
"Grisham, Trent",Yankees,OF,5500000
"Grissom, Vaughn",Red Sox,2B,742000
"Grove, Michael",Dodgers,RHP,760000
"Guerrero Jr., Vladimir",Blue Jays,1B,19900000
"Guillorme, Luis",Braves,INF,1100000
"Gurriel Jr., Lourdes",Diamondbacks,OF,10000000
"Hader, Josh",Astros,LHP,19000000
"Haggerty, Sam",Mariners,2B,900000
"Hall, DL",Brewers,LHP,744200
"Hamilton, Ian",Yankees,RHP,923050
"Hampson, Garrett",Royals,2B,2000000
"Hancock, Emerson",Mariners,RHP,741300
"Haniger, Mitch",Mariners,OF,17000000
"Happ, Ian",Cubs,OF,21000000
"Harper, Bryce",Phillies,1B,27538462
"Harris II, Mike",Braves,OF,5000000
"Harrison, Kyle",Giants,LHP,743750
"Harvey, Hunter",Nationals,RHP,2325000
"Hayes, Ke'Bryan",Pirates,3B,7000000
"Hays, Austin",Orioles,OF,6300000
"Heaney, Andrew",Rangers,LHP,13000000
"Hedges, Austin",Guardians,C,4000000
"Heim, Jonah",Rangers,C,3050000
"Helsley, Ryan",Cardinals,RHP,3800000
"Henderson, Gunnar",Orioles,SS,756200
"Hendricks, Kyle",Cubs,RHP,16500000
"Hendriks, Liam",Red Sox,RHP,2000000
"Henry, Tommy",Diamondbacks,LHP,760500
"Hentges, Sam",Guardians,LHP,1162500
"Hernaiz, Darell",Athletics,INF,740000
"Hernandez, Carlos",Royals,RHP,1012500
"Hernandez, Jonathan",Rangers,RHP,1245000
"Hernandez, Jose",Pirates,LHP,755000
"Hernandez, Kike",Dodgers,INF,4000000
"Hernandez, Teoscar",Dodgers,OF,23500000
"Herrera, Ivan",Cardinals,C,743150
"Herrin, Tim",Guardians,LHP,740800
"Heyward, Jason",Dodgers,OF,9000000
"Hicks, Aaron",Angels,OF,10240000
"Hicks, Jordan",Giants,RHP,6500000
"Higashioka, Kyle",Padres,C,2180000
"Hill, Tim",White Sox,LHP,1800000
"Hjelle, Sean",Giants,RHP,743750
"Hoeing, Bryan",Marlins,RHP,750500
"Hoerner, Nico",Cubs,2B,11500000
"Hoffman, Jeff",Phillies,RHP,2200000
"Holderman, Colin",Pirates,RHP,755000
"Holmes, Clay",Yankees,RHP,6000000
"Holton, Tyler",Tigers,LHP,758300
"Hoskins, Rhys",Brewers,1B,12000000
"Houck, Tanner",Red Sox,RHP,770000
"Houser, Adrian",Mets,RHP,5050000
"Hudson, Bryan",Brewers,LHP,741700
"Hudson, Dakota",Rockies,RHP,1500000
"Hudson, Daniel",Dodgers,RHP,2000000
"Hurt, Kyle",Dodgers,RHP,742500
"Ibanez, Andy",Tigers,INF,766100
"Iglesias, Raisel",Braves,RHP,16000000
"Imanaga, Shota",Cubs,LHP,9500000
"India, Jonathan",Reds,2B,3800000
"Irvin, Cole",Orioles,LHP,2000000
"Irvin, Jake",Nationals,RHP,745600
"Isbel, Kyle",Royals,OF,758250
"Jackson, Jay",Twins,RHP,1300000
"Jackson, Luke",Giants,RHP,6500000
"Jameson, Drey",Diamondbacks,RHP,749700
"Jankowski, Travis",Rangers,OF,1700000
"Jansen, Danny",Blue Jays,C,5200000
"Jansen, Kenley",Red Sox,RHP,16000000
"Jarvis, Bryce",Diamondbacks,RHP,743600
"Javier, Cristian",Astros,RHP,7400000
"Jax, Griffin",Twins,RHP,761750
"Jeffers, Ryan",Twins,C,2425000
"Jimenez, Dany",Athletics,RHP,750000
"Jimenez, Eloy",White Sox,DH,13833333
"Jimenez, Joe",Braves,RHP,8000000
"Joe, Connor",Pirates,OF,2125000
"Johnson, Pierce",Braves,RHP,7000000
"Jones, Jahmai",Yankees,INF,741200
"Jones, Jared",Pirates,RHP,740000
"Jones, Nolan",Rockies,OF,745000
"Judge, Aaron",Yankees,OF,40000000
"Julien, Edouard",Twins,2B,746750
"Jung, Josh",Rangers,3B,756000
"Junis, Jakob",Brewers,RHP,4000000
"Kahnle, Tommy",Yankees,RHP,5750000
"Karinchak, James",Guardians,RHP,1900000
"Keith, Colt",Tigers,2B,2833333
"Kelenic, Jarred",Braves,OF,760000
"Keller, Mitch",Pirates,RHP,5442500
"Kelly, Carson",Tigers,C,3500000
"Kelly, Joe",Dodgers,RHP,8000000
"Kelly, Merrill",Diamondbacks,RHP,8500000
"Kelly, Michael",Athletics,RHP,750000
"Kemp, Tony",Orioles,OF,1000000
"Kepler, Max",Twins,OF,10000000
"Kerkering, Orion",Phillies,RHP,742500
"Kershaw, Clayton",Dodgers,LHP,5000000
"Kessinger, Grae",Astros,INF,742100
"Kiermaier, Kevin",Blue Jays,OF,10500000
"Kikuchi, Yusei",Blue Jays,LHP,10000000
"Kilian, Caleb",Cubs,RHP,740500
"Kim, Ha-Seong",Padres,SS,8000000
"Kimbrel, Craig",Orioles,RHP,12000000
"Kiner-Falefa, Isiah",Blue Jays,3B,7500000
"King, Michael",Padres,RHP,3150000
"Kinley, Tyler",Rockies,RHP,1300000
"Kirby, George",Mariners,RHP,798600
"Kirilloff, Alex",Twins,INF,1350000
"Kirk, Alejandro",Blue Jays,C,2800000
"Kittredge, Andrew",Cardinals,RHP,2262500
"Knizner, Andrew",Rangers,C,1825000
"Kolek, Stephen",Padres,RHP,740000
"Kopech, Michael",White Sox,RHP,3000000
"Kowar, Jackson",Mariners,RHP,743000
"Kranick, Max",Mets,RHP,750000
"Kremer, Dean",Orioles,RHP,756600
"Kwan, Steven",Guardians,OF,757600
"Lambert, Jimmy",White Sox,RHP,759250
"Lambert, Peter",Rockies,RHP,1250000
"Lange, Alex",Tigers,RHP,760600
"Langeliers, Shea",Athletics,C,745000
"Langford, Wyatt",Rangers,OF,740000
"Latz, Jacob",Rangers,LHP,741000
"Laureano, Ramon",Guardians,OF,5150000
"Law, Derek",Nationals,RHP,1500000
"Lawrence, Justin",Rockies,RHP,745000
"Leasure, Jordan",White Sox,RHP,740000
"Leclerc, Jose",Rangers,RHP,6250000
"Lee, Dylan",Braves,LHP,760000
"Lee, Jung-Hoo",Giants,OF,8250000
"Lee, Korey",White Sox,C,741850
"Leiter Jr., Mark",Cubs,RHP,1500000
"LeMahieu, DJ",Yankees,3B,15000000
"Leone, Dominic",White Sox,RHP,1500000
"Lewis, Royce",Twins,3B,745700
"Liberatore, Matthew",Cardinals,LHP,747200
"Lindor, Francisco",Mets,SS,32477639
"Littell, Zack",Rays,RHP,1850000
"Little, Luke",Cubs,LHP,740500
"Lively, Ben",Guardians,RHP,750000
"Loaisiga, Jonathan",Yankees,RHP,2500000
"Lodolo, Nick",Reds,LHP,760000
"Loftin, Nick",Royals,INF,741900
"Lopez, Jorge",Mets,RHP,2000000
"Lopez, Nicky",White Sox,2B,4300000
"Lopez, Pablo",Twins,RHP,8250000
"Lopez, Reynaldo",Braves,RHP,4000000
"Lorenzen, Michael",Rangers,RHP,4500000
"Lowe, Brandon",Rays,2B,8750000
"Lowe, Josh",Rays,OF,755700
"Lowe, Nate",Rangers,1B,7500000
"Lugo, Seth",Royals,RHP,15000000
"Lux, Gavin",Dodgers,2B,1225000
"Luzardo, Jesus",Marlins,LHP,5500000
"Lyles, Jordan",Royals,RHP,8500000
"Lynn, Lance",Cardinals,RHP,10000000
"Machado, Manny",Padres,3B,17090909
"Madrigal, Nick",Cubs,INF,1810000
"Maeda, Kenta",Tigers,RHP,14000000
"Mahle, Tyler",Rangers,RHP,5500000
"Maile, Luke",Reds,C,3000000
"Maldonado, Martin",White Sox,C,4000000
"Manaea, Sean",Mets,LHP,14500000
"Manoah, Alek",Blue Jays,RHP,782500
"Mantiply, Joe",Diamondbacks,LHP,925000
"Marcano, Tucupita",Padres,SS,746000
"Marchan, Rafael",Phillies,C,750000
"Margot, Manuel",Twins,OF,10000000
"Marquez, German",Rockies,RHP,10000000
"Marsh, Alec",Royals,RHP,744750
"Marsh, Brandon",Phillies,OF,766500
"Marte, Ketel",Diamondbacks,2B,13600000
"Marte, Noelvi",Reds,3B,740000
"Marte, Starling",Mets,OF,20750000
"Marte, Yunior",Phillies,RHP,751500
"Martin, Chris",Red Sox,RHP,9500000
"Martinez, Angel",Guardians,INF,740000
"Martinez, Nick",Reds,RHP,14000000
"Martinez, Seth",Astros,RHP,753600
"Martini, Nick",Reds,OF,750000
"Massey, Michael",Royals,2B,757000
"Mastrobuoni, Miles",Cubs,INF,746000
"Mata, Bryan",Red Sox,RHP,740000
"Mateo, Jorge",Orioles,2B,2700000
"Maton, Phil",Rays,RHP,6250000
"Matsui, Yuki",Padres,LHP,3250000
"Matz, Steven",Cardinals,LHP,12500000
"Matzek, Tyler",Braves,LHP,1900000
"Mauricio, Ronny",Mets,INF,743500
"May, Dustin",Dodgers,RHP,2135000
"Mayza, Tim",Blue Jays,LHP,3590000
"McArthur, James",Royals,RHP,745750
"McCann, James",Orioles,C,12000000
"McCann, Kyle",Athletics,C,740000
"McCarthy, Jake",Diamondbacks,OF,766000
"McClanahan, Shane",Rays,LHP,3600000
"McCormick, Chas",Astros,OF,2850000
"McCullers Jr., Lance",Astros,RHP,17700000
"McCutchen, Andrew",Pirates,OF,5000000
"McFarland, T.J.",Athletics,LHP,850000
"McGough, Scott",Diamondbacks,RHP,3000000
"McGuire, Reese",Red Sox,C,1500000
"McKenzie, Triston",Guardians,RHP,1600000
"McKinstry, Zach",Tigers,INF,764400
"McLain, Matt",Reds,2B,742500
"McMahon, Ryan",Rockies,3B,12000000
"McNeil, Jeff",Mets,2B,10250000
"Mead, Curtis",Rays,INF,742300
"Meadows, Parker",Tigers,OF,746900
"Means, John",Orioles,LHP,3325000
"Mears, Nick",Rockies,RHP,750000
"Medina, Luis",Athletics,RHP,740000
"Megill, Trevor",Brewers,RHP,756600
"Megill, Tylor",Mets,RHP,766250
"Melendez, MJ",Royals,OF,754750
"Meneses, Joey",Nationals,DH,752000
"Merrifield, Whit",Phillies,INF,7000000
"Merrill, Jackson",Padres,OF,740000
"Merryweather, Julian",Cubs,RHP,1175000
"Meyer, Max",Marlins,RHP,743000
"Meyers, Jake",Astros,OF,767300
"Middleton, Keynan",Cardinals,RHP,5000000
"Mikolas, Miles",Cardinals,RHP,17666667
"Miley, Wade",Brewers,LHP,8500000
"Miller, Bobby",Dodgers,RHP,750000
"Miller, Bryce",Mariners,RHP,752600
"Miller, Erik",Giants,LHP,740000
"Miller, Mason",Athletics,RHP,740000
"Miller, Shelby",Tigers,RHP,3000000
"Milner, Hoby",Brewers,LHP,2050000
"Minter, A.J.",Braves,LHP,6220000
"Mitchell, Garrett",Brewers,OF,744300
"Mize, Casey",Tigers,RHP,830000
"Mlodzinski, Carmen",Pirates,RHP,747500
"Molina, Anthony",Rockies,RHP,740000
"Moll, Sam",Reds,LHP,760000
"Monasterio, Andruw",Brewers,INF,752500
"Moncada, Yoan",White Sox,3B,24800000
"Moniak, Mickey",Angels,OF,770000
"Montas, Frankie",Reds,RHP,16000000
"Montero, Elehuris",Rockies,1B,745000
"Montero, Rafael",Astros,RHP,11500000
"Moore, Dylan",Mariners,OF,3133333
"Moore, Matt",Angels,LHP,9000000
"Moore, McKinley",Yankees,RHP,743250
"Morel, Christopher",Cubs,3B,767000
"Moreno, Gabriel",Diamondbacks,C,760100
"Moreta, Dauri",Pirates,RHP,755000
"Morgan, Eli",Guardians,RHP,751200
"Morton, Charlie",Braves,RHP,20000000
"Mountcastle, Ryan",Orioles,DH,4137000
"Muller, Kyle",Athletics,LHP,740000
"Mullins, Cedric",Orioles,OF,6325000
"Muncy, Max",Dodgers,3B,9500000
"Munoz, Andres",Mariners,RHP,2187500
"Murphy, Chris",Red Sox,LHP,743500
"Murphy, Penn",Astros,RHP,740000
"Murphy, Sean",Braves,C,9000000
"Murphy, Tom",Giants,C,4000000
"Musgrove, Joe",Padres,RHP,20000000
"Mushinski, Parker",Astros,LHP,747400
"Nardi, Andrew",Marlins,LHP,754000
"Narvaez, Omar",Mets,C,7000000
"Naylor, Bo",Guardians,C,742100
"Naylor, Josh",Guardians,1B,6550000
"Nelson, Kyle",Diamondbacks,LHP,757300
"Nelson, Ryne",Diamondbacks,RHP,764300
"Neris, Hector",Cubs,RHP,9000000
"Neto, Zach",Angels,SS,750000
"Newcomb, Sean",Athletics,LHP,1000000
"Nimmo, Brandon",Mets,OF,20500000
"Noda, Ryan",Athletics,1B,745000
"Nola, Aaron",Phillies,RHP,24571428
"Nootbaar, Lars",Cardinals,OF,761000
"Nunez, Nasim",Nationals,SS,740000
"O'Brien, Riley",Cardinals,RHP,740450
"O'Hearn, Ryan",Orioles,1B,3500000
"O'Hoppe, Logan",Angels,C,760000
"O'Neill, Tyler",Red Sox,OF,5850000
"Ober, Bailey",Twins,RHP,761850
"Ohtani, Shohei",Dodgers,DH/RHP,70000000
"Okert, Steven",Twins,LHP,1062500
"Olivares, Edward",Pirates,OF,1350000
"Olson, Matt",Braves,1B,22000000
"Olson, Reese",Tigers,RHP,752300
"Ortega, Oliver",Astros,RHP,748500
"Ortiz, Joey",Brewers,INF,741500
"Ortiz, Luis",Pirates,RHP,747500
"Ortiz, Luis",Phillies,RHP,744000
"Ottavino, Adam",Mets,RHP,4500000
"Otto, Glenn",Padres,RHP,747000
"Outman, James",Dodgers,OF,770000
"Oviedo, Johan",Pirates,RHP,765000
"Ozuna, Marcell",Braves,DH,18000000
"Pache, Cristian",Phillies,OF,760500
"Paddack, Chris",Twins,RHP,2525000
"Pagan, Emilio",Reds,RHP,8000000
"Palacios, Richie",Rays,OF,745200
"Pallante, Andre",Cardinals,RHP,756900
"Paredes, Isaac",Rays,3B,3400000
"Parsons, Wes",Blue Jays,RHP,749600
"Pasquantino, Vinnie",Royals,1B,752750
"Patino, Luis",Padres,RHP,749400
"Pauley, Graham",Padres,3B,740000
"Paxton, James",Dodgers,LHP,7000000
"Payamps, Joel",Brewers,RHP,1650000
"Pearson, Nate",Blue Jays,RHP,800000
"Pederson, Joc",Diamondbacks,OF,9500000
"Peguero, Elvis",Brewers,RHP,754300
"Pena, Jeremy",Astros,SS,783500
"Pepiot, Ryan",Rays,RHP,744900
"Peralta, Freddy",Brewers,RHP,5734960
"Peralta, Wandy",Padres,LHP,3350000
"Peraza, Oswald",Yankees,SS,766600
"Perdomo, Angel",Braves,LHP,740000
"Perdomo, Geraldo",Diamondbacks,SS,786000
"Perez, Cionel",Orioles,LHP,1200000
"Perez, Eury",Marlins,RHP,748000
"Perez, Martin",Pirates,LHP,8000000
"Perez, Salvador",Royals,C,20000000
"Perkins, Blake",Brewers,OF,800000
"Peterson, David",Mets,LHP,2150000
"Peterson, Jace",Diamondbacks,INF,5000000
"Pfaadt, Brandon",Diamondbacks,RHP,754400
"Phillips, Evan",Dodgers,RHP,4000000
"Pillar, Kevin",White Sox,OF,1000000
"Pinto, Rene",Rays,C,745100
"Pivetta, Nick",Red Sox,RHP,7500000
"Poche, Colin",Rays,LHP,2375000
"Polanco, Jorge",Mariners,2B,10500000
"Pressly, Ryan",Astros,RHP,14000000
"Profar, Jurickson",Padres,OF,1000000
"Puk, A.J.",Marlins,LHP,1800000
"Quantrill, Cal",Rockies,RHP,6550000
"Quijada, Jose",Angels,LHP,840000
"Quintana, Jose",Mets,LHP,13000000
"Rafaela, Ceddanne",Red Sox,OF,743500
"Ragans, Cole",Royals,LHP,753750
"Rainey, Tanner",Nationals,RHP,1500000
"Raleigh, Cal",Mariners,C,795000
"Raley, Brooks",Mets,LHP,6500000
"Raley, Luke",Mariners,1B,754200
"Ramirez, Harold",Rays,OF,3800000
"Ramirez, Jose",Guardians,3B,17000000
"Ramirez, Yohan",Mets,RHP,768750
"Rasmussen, Drew",Rays,RHP,1862500
"Ray, Robbie",Giants,LHP,23000000
"Rea, Colin",Brewers,RHP,3500000
"Realmuto, JT",Phillies,C,23875000
"Refsnyder, Rob",Red Sox,OF,1850000
"Reid-Foley, Sean",Mets,RHP,772750
"Rendon, Anthony",Angels,3B,38571429
"Renfroe, Hunter",Royals,OF,5500000
"Rengifo, Luis",Angels,2B,4400000
"Reyes, Pablo",Red Sox,INF,764000
"Reynolds, Bryan",Pirates,OF,10250000
"Richards, Trevor",Blue Jays,RHP,2150000
"Riley, Austin",Braves,3B,21000000
"Rizzo, Anthony",Yankees,1B,17000000
"Robert Jr., Luis",White Sox,OF,12500000
"Robertson, David",Rangers,RHP,8283253
"Robles, Victor",Nationals,OF,2650000
"Rocchio, Brayan",Guardians,SS,740200
"Rodgers, Brendan",Rockies,2B,3200000
"Rodon, Carlos",Yankees,LHP,27833333
"Rodriguez, Eduardo",Diamondbacks,LHP,14000000
"Rodriguez, Endy",Pirates,C,745000
"Rodriguez, Grayson",Orioles,RHP,748300
"Rodriguez, Joely",Red Sox,LHP,2000000
"Rodriguez, Julio",Mariners,OF,12185714
"Rodriguez, Yerry",Rangers,RHP,743000
"Rogers, Jake",Tigers,C,1700000
"Rogers, Taylor",Giants,LHP,12000000
"Rogers, Trevor",Marlins,LHP,1530000
"Rogers, Tyler",Giants,RHP,3200000
"Rojas, Johan",Phillies,OF,745000
"Rojas, Josh",Mariners,3B,3100000
"Rojas, Miguel",Dodgers,SS,5750000
"Rom, Drew",Cardinals,LHP,742200
"Romano, Jordan",Blue Jays,RHP,7750000
"Romero, JoJo",Cardinals,LHP,860000
"Rooker, Brent",Athletics,OF,750000
"Rortvedt, Ben",Rays,C,755400
"Rosario, Amed",Rays,INF,1500000
"Rosario, Eddie",Nationals,OF,4000000
"Rosario, Eguy",Padres,INF,744400
"Ross, Joe",Brewers,RHP,1500000
"Roupp, Landen",Giants,RHP,740000
"Rucker, Michael",Phillies,RHP,751500
"Ruiz, Esteury",Athletics,OF,745000
"Ruiz, Keibert",Nationals,C,6375000
"Rutschman, Adley",Orioles,C,760300
"Ryan, Joe",Twins,RHP,758850
"Ryan, Ryder",Pirates,RHP,830000
"Sale, Chris",Braves,LHP,16000000
"Sanchez, Cristopher",Phillies,LHP,753500
"Sanchez, Gary",Brewers,C,3000000
"Sanchez, Jesus",Marlins,OF,2100000
"Sanchez, Sixto",Marlins,RHP,742000
"Sandlin, Nick",Guardians,RHP,1075000
"Sandoval, Patrick",Angels,LHP,5025000
"Sands, Cole",Twins,RHP,749450
"Sano, Miguel",Angels,3B,875000
"Santana, Carlos",Twins,1B,5250000
"Santander, Anthony",Orioles,OF,11700000
"Santos, Gregory",Mariners,RHP,750000
"Saucedo, Tayler",Mariners,LHP,753100
"Sauer, Matt",Royals,RHP,740000
"Sborz, Josh",Rangers,RHP,1025000
"Schanuel, Nolan",Angels,1B,750000
"Scherzer, Max",Rangers,RHP,43333334
"Schmidt, Clarke",Yankees,RHP,2025000
"Schneider, Davis",Blue Jays,INF,744900
"Scholtens, Jesse",White Sox,RHP,747250
"Schreiber, John",Royals,RHP,1175000
"Schwarber, Kyle",Phillies,DH,20000000
"Scott II, Victor",Cardinals,OF,740000
"Scott, Tanner",Marlins,LHP,5700000
"Scott, Tayler",Astros,RHP,790000
"Seager, Corey",Rangers,SS,35000000
"Sears, J.P.",Athletics,LHP,745000
"Semien, Marcus",Rangers,2B,26000000
"Senga, Kodai",Mets,RHP,15666667
"Senzatela, Antonio",Rockies,RHP,12000000
"Senzel, Nick",Nationals,3B,2000000
"Serven, Brian",Blue Jays,C,751000
"Severino, Luis",Mets,RHP,13000000
"Sewald, Paul",Diamondbacks,RHP,7350000
"Shaw, Bryan",White Sox,RHP,800000
"Sheehan, Emmet",Dodgers,RHP,750000
"Sheets, Gavin",White Sox,INF,756950
"Shenton, Austin",Rays,3B,740000
"Shewmake, Braden",White Sox,SS,740350
"Short, Zack",Mets,INF,747300
"Siani, Mike",Cardinals,OF,741650
"Silseth, Chase",Angels,RHP,750000
"Simpson, Josh",Marlins,LHP,740500
"Sims, Lucas",Reds,RHP,2850000
"Singer, Brady",Royals,RHP,4850000
"Singleton, Jonathan",Astros,1B,850000
"Siri, Jose",Rays,OF,757800
"Skubal, Tarik",Tigers,LHP,2650000
"Slaten, Justin",Red Sox,RHP,740000
"Slater, Austin",Giants,OF,4000000
"Small, Ethan",Giants,LHP,741300
"Smith, Burch",Marlins,RHP,1000000
"Smith, Cade",Guardians,RHP,740000
"Smith, Drew",Mets,RHP,2225000
"Smith, Josh",Rangers,INF,749500
"Smith, Will",Dodgers,C,13550000
"Smith, Will",Royals,LHP,5000000
"Smyly, Drew",Cubs,LHP,10500000
"Snell, Blake",Giants,LHP,32000000
"Snider, Collin",Mariners,RHP,747300
"Soler, Jorge",Giants,DH,10000000
"Soriano, George",Marlins,RHP,746000
"Soriano, Jose",Angels,RHP,760000
"Soroka, Michael",White Sox,RHP,3000000
"Sosa, Edmundo",Phillies,INF,1700000
"Soto, Gregory",Phillies,LHP,5000000
"Soto, Juan",Yankees,OF,31000000
"Sousa, Bennett",Astros,LHP,742300
"Speier, Gabe",Mariners,LHP,753300
"Spence, Mitch",Athletics,RHP,740000
"Springer, George",Blue Jays,OF,24166667
"Springs, Jeffrey",Rays,LHP,5250000
"Stallings, Jacob",Rockies,C,1500000
"Stanek, Ryne",Mariners,RHP,4000000
"Stanton, Giancarlo",Yankees,DH,32000000
"Stassi, Max",White Sox,C,7000000
"Staumont, Josh",Twins,RHP,950000
"Steele, Justin",Cubs,LHP,4000000
"Steer, Spencer",Reds,OF,750000
"Stefanic, Michael",Angels,INF,750000
"Stephan, Trevor",Guardians,RHP,1600000
"Stephenson, Robert",Angels,RHP,11000000
"Stephenson, Tyler",Reds,C,2525000
"Stewart, Brock",Twins,RHP,900000
"Stewart, DJ",Mets,OF,1380000
"Stone, Gavin",Dodgers,RHP,742500
"Story, Trevor",Red Sox,SS,22500000
"Stott, Bryson",Phillies,2B,768000
"Strahm, Matt",Phillies,LHP,7500000
"Strasburg, Stephen",Nationals,RHP,32811200
"Stratton, Chris",Royals,RHP,3500000
"Stratton, Hunter",Pirates,RHP,800000
"Strider, Spencer",Braves,RHP,1000000
"Stripling, Ross",Athletics,RHP,12500000
"Stroman, Marcus",Yankees,RHP,18500000
"Stubbs, Garrett",Phillies,C,850000
"Suarez, Eugenio",Diamondbacks,3B,11000000
"Suarez, Jose",Angels,LHP,925000
"Suarez, Ranger",Phillies,LHP,5050000
"Suarez, Robert",Padres,RHP,10000000
"Suter, Brent",Reds,LHP,2500000
"Suwinski, Jack",Pirates,OF,755000
"Suzuki, Seiya",Cubs,OF,21000000
"Swanson, Dansby",Cubs,SS,26000000
"Swanson, Erik",Blue Jays,RHP,2750000
"Taillon, Jameson",Cubs,RHP,18000000
"Tarnok, Freddy",Athletics,RHP,745000
"Tate, Dillon",Orioles,RHP,1500000
"Tatis Jr., Fernando",Padres,OF,11714286
"Tauchman, Michael",Cubs,OF,1950000
"Taveras, Leody",Rangers,OF,2550000
"Taylor, Chris",Dodgers,OF,13000000
"Taylor, Josh",Royals,LHP,1100000
"Taylor, Michael A.",Pirates,OF,4000000
"Taylor, Tyrone",Mets,OF,2025000
"Tellez, Rowdy",Pirates,1B,3200000
"Thaiss, Matt",Angels,C,770000
"Thielbar, Caleb",Twins,LHP,3225000
"Thomas, Alek",Diamondbacks,OF,769500
"Thomas, Lane",Nationals,OF,5450000
"Thompson, Bubba",Reds,OF,742500
"Thompson, Mason",Nationals,RHP,749200
"Thompson, Ryan",Diamondbacks,RHP,1350000
"Thompson, Zack",Cardinals,LHP,750850
"Thornton, Trent",Mariners,RHP,1200000
"Toglia, Michael",Rockies,1B,742000
"Tonkin, Michael",Mets,RHP,1000000
"Topa, Justin",Twins,RHP,1225000
"Torkelson, Spencer",Tigers,1B,765700
"Toro, Abraham",Athletics,INF,1275000
"Torres, Gleyber",Yankees,2B,14200000
"Tovar, Ezequiel",Rockies,SS,1500000
"Treinen, Blake",Dodgers,RHP,1000000
"Trejo, Alan",Rockies,2B,745000
"Trevino, Jose",Yankees,C,2730000
"Triolo, Jared",Pirates,2B,745000
"Trivino, Lou",Yankees,RHP,1500000
"Trout, Mike",Angels,OF,37116667
"Tucker, Kyle",Astros,OF,12000000
"Turang, Brice",Brewers,2B,748200
"Turnbull, Spencer",Phillies,RHP,2000000
"Turner, Justin",Blue Jays,DH,13000000
"Turner, Trea",Phillies,SS,27272727
"Urena, Jose",Rangers,RHP,1750000
"Urias, Luis",Mariners,2B,5000000
"Urias, Ramon",Orioles,3B,2100000
"Uribe, Abner",Brewers,RHP,747400
"Urquidy, Jose",Astros,RHP,3750000
"Urshela, Gio",Tigers,3B,1500000
"Valdez, Enmanuel",Red Sox,2B,743500
"Valdez, Framber",Astros,LHP,12100000
"Vargas, Ildemaro",Nationals,INF,1100000
"Varland, Louie",Twins,RHP,745400
"Varsho, Daulton",Blue Jays,OF,5650000
"Vaughn, Andrew",White Sox,1B,3250000
"Vazquez, Christian",Twins,C,10000000
"Velazquez, Nelson",Royals,OF,747000
"Verdugo, Alex",Yankees,OF,8700000
"Verlander, Justin",Astros,RHP,43333333
"Vesia, Alex",Dodgers,LHP,1000000
"Vespi, Nick",Orioles,LHP,742700
"Vest, Will",Tigers,RHP,760700
"Vieira, Thyago",Brewers,RHP,777500
"Vierling, Matt",Tigers,OF,766000
"Vodnik, Victor",Rockies,RHP,742000
"Vogelbach, Daniel",Blue Jays,DH,2000000
"Volpe, Anthony",Yankees,SS,810100
"Voth, Austin",Mariners,RHP,1250000
"Wacha, Michael",Royals,RHP,16000000
"Wade, LaMonte",Giants,1B,3500000
"Wade, Tyler",Padres,3B,850000
"Waguespack, Jacob",Rays,RHP,1200000
"Waldichuk, Ken",Athletics,LHP,745000
"Waldron, Matt",Padres,RHP,741800
"Walker, Christian",Diamondbacks,1B,10900000
"Walker, Jordan",Cardinals,OF,747450
"Walker, Ryan",Giants,RHP,747500
"Walker, Taijuan",Phillies,RHP,18000000
"Wall, Forrest",Braves,OF,750000
"Wallner, Matt",Twins,OF,745550
"Walls, Taylor",Rays,INF,757300
"Walsh, Jared",Rangers,1B,1250000
"Ward, Taylor",Angels,OF,4800000
"Warren, Austin",Giants,RHP,755000
"Weathers, Ryan",Marlins,LHP,752600
"Weaver, Luke",Yankees,RHP,2000000
"Webb, Jacob",Orioles,RHP,1000000
"Webb, Logan",Giants,RHP,8000000
"Weems, Jordan",Nationals,RHP,773500
"Weiss, Zack",Twins,RHP,744550
"Weissert, Greg",Red Sox,RHP,743500
"Wells, Austin",Yankees,C,750000
"Wells, Tyler",Orioles,RHP,1962500
"Wendle, Joey",Mets,INF,2000000
"Wentz, Joey",Tigers,LHP,746700
"Westburg, Jordan",Orioles,2B,745800
"Wheeler, Zack",Phillies,RHP,23500000
"White, Mitch",Blue Jays,RHP,766400
"Whitlock, Garrett",Red Sox,RHP,3500000
"Wicks, Jordan",Cubs,LHP,741500
"Williams, Alika",Pirates,INF,745000
"Williams, Devin",Brewers,RHP,7000000
"Williams, Gavin",Guardians,RHP,742100
"Williams, Trevor",Nationals,RHP,7000000
"Williamson, Brandon",Reds,LHP,742500
"Wilson, Bryse",Brewers,RHP,1025000
"Wilson, Justin",Reds,LHP,1500000
"Wilson, Steven",White Sox,RHP,751900
"Winckowski, Josh",Red Sox,RHP,760000
"Winder, Josh",Twins,RHP,751850
"Winker, Jesse",Nationals,OF,2000000
"Winn, Keaton",Giants,RHP,743750
"Winn, Masyn",Cardinals,SS,742250
"Wisdom, Patrick",Cubs,OF,2725000
"Witt Jr., Bobby",Royals,SS,3111111
"Wong, Connor",Red Sox,C,760000
"Woo, Bryan",Mariners,RHP,749000
"Wood, Alex",Athletics,LHP,8500000
"Woodruff, Brandon",Brewers,RHP,2500000
"Wright, Kyle",Royals,RHP,1800000
"Yamamoto, Yoshinobu",Dodgers,RHP,9166667
"Yarbrough, Ryan",Dodgers,LHP,3900000
"Yastrzemski, Mike",Giants,OF,7900000
"Yates, Kirby",Rangers,RHP,4500000
"Yelich, Christian",Brewers,OF,24170234
"Yoshida, Masataka",Red Sox,OF,18600000
"Young, Alex",Reds,LHP,1160000
"Zavala, Seby",Mariners,C,756700
"Zerpa, Angel",Royals,LHP,748250
"Zuniga, Guillermo",Angels,RHP,750000